"","hsize","vsize"
"AP",0.024129,0.025157
"CKB",0.023881,0.025172
"LF",0.025532,0.02537
"WAM",0.023952,0.024775
"MPD",0.024011,0.025105
